PID,CreateRID,CreateTime,Creator,LastRID,LastTime,LastEditor,LastSize,Edits,Title
628307,4132889,20241101162042,Malikaveedu,4141756,20241203030039,Malikaveedu,22072,28,മാസന്ദരാനി_ജനത
628310,4132904,20241101172320,Ranjithsiji,4561608,20250906225945,தமிழ்க்குரிசில்,14909,15,സീത_അമ്മൻ_ക്ഷേത്രം
628322,4132973,20241102020830,Malikaveedu,4532281,20250607211534,InternetArchiveBot,9613,20,ഹഗ്ഗല_ബൊട്ടാണിക്കൽ_ഗാർഡൻ
628329,4132996,20241102025357,Malikaveedu,4140356,20241129003544,Malikaveedu,12144,21,ഹഗ്ഗാല_സ്‌ട്രിക്റ്റ്_നേച്ചർ_റിസർവ്
628331,4133019,20241102043255,Malikaveedu,4505204,20250327231228,InternetArchiveBot,19138,20,ഹെനാരത്ഗോഡ_ബൊട്ടാണിക്കൽ_ഗാർഡൻ
628335,4133046,20241102065007,Malikaveedu,4136494,20241117002328,Malikaveedu,16960,22,പെരഡെനിയ_സർവ്വകലാശാല
628409,4133404,20241104051045,Malikaveedu,4140358,20241129004331,Malikaveedu,13329,10,സെവ്_തടാകം
628414,4133419,20241104055304,Malikaveedu,4139778,20241127053315,Malikaveedu,17587,15,തതേവ്_മൊണാസ്ട്രി
628419,4133446,20241104080620,Malikaveedu,4140555,20241129193624,Ranjithsiji,14363,17,സ്പാംഗർ_ത്സോ
628452,4133594,20241105073117,Malikaveedu,4140560,20241129194610,Ranjithsiji,24872,18,ചിത്രാൾ
628472,4133726,20241106045529,Pradeep717,4134790,20241111115617,InternetArchiveBot,8537,7,ബെലായ്റ്റ്_നദി
628474,4133733,20241106054350,Malikaveedu,4139780,20241127053651,Malikaveedu,14497,7,ബുബുംഗൻ_ദുവാ_ബെലാസ്
628478,4133747,20241106074412,Pradeep717,4134032,20241108044143,Pradeep717,4059,4,എർതുഗ്‌റുൾ_ഗാസി_മോസ്‌ക്
628504,4133855,20241107042918,Pradeep717,4138848,20241124094231,InternetArchiveBot,14944,7,ഹുവാ_മുലാൻ
628511,4133870,20241107080245,Malikaveedu,4506819,20250402081943,InternetArchiveBot,11310,15,സിർവാൻ_നദി
628516,4133891,20241107091524,Malikaveedu,4145693,20241215020901,InternetArchiveBot,15524,13,ബനേഹ്
628517,4133893,20241107093141,Pradeep717,4135208,20241113055650,Malikaveedu,18988,4,ഫരീദ_യാസ്മിൻ
628520,4133908,20241107105014,Malikaveedu,4140881,20241130192151,Ranjithsiji,20690,9,അബാർകുഹ്
628532,4133936,20241107140002,Malikaveedu,4540768,20250629180641,InternetArchiveBot,21045,24,ബോജ്‌നോർഡ്
628539,4133977,20241107161405,Malikaveedu,4134018,20241108035258,Malikaveedu,8323,6,ഓബ്_പീഠഭൂമി
628554,4134021,20241108041224,Malikaveedu,4139790,20241127060610,Malikaveedu,20881,22,ലുവാങ്_പ്രബാംഗ്_മലനിരകൾ
628555,4134025,20241108043134,Pradeep717,4135246,20241113073137,Pradeep717,10519,9,ബോധിവംശ
628558,4134049,20241108061111,Malikaveedu,4571140,20251011100420,InternetArchiveBot,22899,17,ഉത്തരാദിത്_പ്രവിശ്യ
628564,4134067,20241108080613,Pradeep717,4545941,20250708054156,GnoeeeBot,11955,5,ജിഗ്‌മെ_പാൽദേൻ_ദോർജി
628566,4134073,20241108083705,Malikaveedu,4568576,20250930224642,InternetArchiveBot,20121,15,ട്രാങ്_പ്രവിശ്യ
628570,4134089,20241108094920,Pradeep717,4139824,20241127090419,Malikaveedu,14387,4,മുസ്താങ്_ഗുഹകൾ
628574,4134094,20241108112554,Malikaveedu,4569591,20251005231349,InternetArchiveBot,19814,8,സാറ്റൺ_പ്രവിശ്യ
628579,4134106,20241108123742,Malikaveedu,4569156,20251004101338,InternetArchiveBot,20007,10,റാനോങ്_പ്രവിശ്യ
628582,4134113,20241108133840,Malikaveedu,4568467,20250930100258,InternetArchiveBot,22425,14,ചുംഫോൺ_പ്രവിശ്യ
628604,4134213,20241109021238,Malikaveedu,4568494,20250930114725,InternetArchiveBot,26673,20,ചോൻബുരി_പ്രവിശ്യ
628611,4134247,20241109074337,Malikaveedu,4568457,20250930093734,InternetArchiveBot,24533,13,ചിയാങ്_റായ്_പ്രവിശ്യ
628620,4134312,20241109154353,Malikaveedu,4569247,20251004185700,InternetArchiveBot,21140,22,ലാംഫൂൺ_പ്രവിശ്യ
628640,4134466,20241110155228,ShajiA,4140563,20241129202357,ShajiA,16323,6,ബംഗാൾ_ക്ഷാമം_(1770)
628657,4134536,20241111040347,Pradeep717,4139151,20241125111426,Malikaveedu,9197,5,ഉലെക്_മയങ്
628660,4134553,20241111062122,Pradeep717,4134794,20241111130323,Malikaveedu,7166,3,ഹഷ്മത്_ഖാൻ_ദേശീയോദ്യാനം
628685,4134795,20241111131335,Malikaveedu,4568442,20250930085127,InternetArchiveBot,15603,7,ചായ്_നാറ്റ്_പ്രവിശ്യ
628689,4134818,20241111142930,Malikaveedu,4568646,20251001102047,InternetArchiveBot,16640,14,നഖോൺ_പാതോം_പ്രവിശ്യ
628707,4134926,20241112040559,Pradeep717,4135970,20241115215844,Malikaveedu,15582,7,ഡൂഡൂക്ക്
628709,4134932,20241112043928,Pradeep717,4139415,20241126095352,InternetArchiveBot,10735,14,ഗുർദ്ബസാർ
628715,4135002,20241112094150,Malikaveedu,4500977,20250314220425,InternetArchiveBot,74065,22,ഹമ്പൻടോട്ട_അന്താരാഷ്ട്ര_തുറമുഖം
628719,4135062,20241112144317,Malikaveedu,4569583,20251005212632,InternetArchiveBot,20013,7,സമുത്_സഖോൺ_പ്രവിശ്യ
628740,4135183,20241113043740,Malikaveedu,4520498,20250427220025,InternetArchiveBot,19620,10,കാഞ്ചനബുരി
628747,4135279,20241113091228,Malikaveedu,4557484,20250816190023,InternetArchiveBot,14588,11,കഗാൻ_താഴ്‌വര
628751,4135297,20241113095133,Malikaveedu,4139743,20241127015507,Malikaveedu,13624,9,മാലിക_പർബത്ത്
628753,4135303,20241113101505,Pradeep717,4139744,20241127020049,Malikaveedu,17456,12,മറിയം_യൂസഫ്_ജമാൽ
628760,4135361,20241113141214,Malikaveedu,4135382,20241113145656,Malikaveedu,10606,7,ബാബുസർ_ചുരം
628779,4135467,20241114020008,Malikaveedu,4548282,20250717133232,InternetArchiveBot,14189,6,ചിയാങ്_റായ്_നഗരം
628782,4135475,20241114035120,Pradeep717,4144845,20241211203805,CommonsDelinker,15347,24,നം_ബൻചോക്
628788,4135532,20241114100953,Pradeep717,4137435,20241120080958,Malikaveedu,13980,8,ലാർനാക്ക_ഉപ്പ്_തടാകം
628794,4135574,20241114133714,Malikaveedu,4139757,20241127035124,InternetArchiveBot,12680,11,തുങ്_യായ്_നരേസുവാൻ_വന്യജീവി_സങ്കേതം
628803,4135632,20241114162933,Malikaveedu,4568618,20251001061159,InternetArchiveBot,12506,20,ത്രീ_പഗോഡ_പാസ്
628825,4135789,20241115072248,Malikaveedu,4575571,20251026111929,InternetArchiveBot,16638,13,അംനാത്_ചാരോൻ_പ്രവിശ്യ
628836,4135846,20241115112137,Malikaveedu,4137864,20241121080109,Malikaveedu,10477,19,താനോൺ_തോങ്_ചായ്_പർവ്വതനിര
628847,4135976,20241115222853,Malikaveedu,4569589,20251005221928,InternetArchiveBot,20061,15,സാക്കോൺ_നഖോൺ_പ്രവിശ്യ
628851,4136014,20241116024044,Malikaveedu,4571256,20251012030757,InternetArchiveBot,24740,25,കലാസിൻ_പ്രവിശ്യ
628859,4136058,20241116050741,Malikaveedu,4138464,20241123044833,Malikaveedu,15523,10,സുഫാങ്കൻലയ
628912,4136495,20241117004023,Malikaveedu,4568921,20251002165932,InternetArchiveBot,17978,13,ബുരിറാം_പ്രവിശ്യ
628914,4136501,20241117011244,Malikaveedu,4568492,20250930114106,InternetArchiveBot,28514,21,ചൈയാഫം_പ്രവിശ്യ
628915,4136506,20241117013233,Malikaveedu,4568954,20251003023250,InternetArchiveBot,13641,11,മഹാ_സാരഖം_പ്രവിശ്യ
628935,4136646,20241117173236,Malikaveedu,4569620,20251006045430,InternetArchiveBot,22699,15,സിസാകെത്_പ്രവിശ്യ
628940,4136734,20241118032244,Malikaveedu,4569584,20251005212640,InternetArchiveBot,18517,19,സമുത്_സോങ്‌ഖ്‌റാം_പ്രവിശ്യ
628942,4136761,20241118051642,Malikaveedu,4519857,20250425050447,InternetArchiveBot,20865,12,മായെ_സോട്ട്
628943,4136767,20241118053337,Malikaveedu,4138489,20241123053058,Malikaveedu,20469,10,പാക്സെ
628958,4136850,20241118112712,Pradeep717,4145739,20241215043236,InternetArchiveBot,31195,10,സൂഫാനൗവോങ്
628967,4136884,20241118140647,Ranjithsiji,4519822,20250424193015,InternetArchiveBot,17311,16,ഫെച്ചാബുരി
628986,4137066,20241119051920,Malikaveedu,4580071,20251110023942,InternetArchiveBot,18805,17,നഖോൺ_സവാൻ
628989,4137096,20241119062603,Malikaveedu,4568875,20251002094121,InternetArchiveBot,20327,15,ഫെത്ചാബൻ_പ്രവിശ്യ
629003,4137202,20241119152520,Meenakshi nandhini,4139742,20241127015026,Malikaveedu,17324,10,കാമാദേവി
629016,4137320,20241120045408,Malikaveedu,4569616,20251006041917,InternetArchiveBot,17035,13,സിങ്_ബുരി_പ്രവിശ്യ
629019,4137344,20241120055845,Malikaveedu,4569630,20251006061959,InternetArchiveBot,22142,16,സുഖോതായ്_പ്രവിശ്യ
629021,4137361,20241120065924,Malikaveedu,4569659,20251006081255,InternetArchiveBot,21217,10,സുഫാൻ_ബുരി_പ്രവിശ്യ
629026,4137466,20241120100946,Meenakshi nandhini,4276959,20241219071511,Malikaveedu,23250,27,ചുല_ശകാരത്
629035,4137498,20241120115710,Meenakshi nandhini,4578211,20251103053426,Anupa.anchor,24058,26,ഫ്രാൻസിസ്_ലൈറ്റ്
629070,4137779,20241121051421,Malikaveedu,4568429,20250930073022,InternetArchiveBot,26392,11,ചന്തബുരി_പ്രവിശ്യ
629077,4137865,20241121080851,Meenakshi nandhini,4287947,20241227112819,Malikaveedu,24246,24,മലകണ്ഡ്_ജില്ല
629088,4137912,20241121102313,Meenakshi nandhini,4145476,20241214123149,Meenakshi nandhini,31138,26,മലായ്_വീട്
629107,4138012,20241121164521,Malikaveedu,4580072,20251110024051,InternetArchiveBot,30404,14,നഖോൺ_സി_തമ്മാരാത്_പ്രവിശ്യ
629128,4138190,20241122080244,Malikaveedu,4140418,20241129071726,InternetArchiveBot,12685,12,സിബോഡാസ്_ബൊട്ടാണിക്കൽ_ഗാർഡൻ
629140,4138257,20241122102406,Meenakshi nandhini,4562235,20250909095605,Ranjithsiji,32653,19,തിരുക്കോവിൽ_ക്ഷേത്രം
629153,4138302,20241122133346,Malikaveedu,4569056,20251003181846,InternetArchiveBot,19503,12,യാല_പ്രവിശ്യ
629158,4138357,20241122164706,Meenakshi nandhini,4143247,20241206134426,Malikaveedu,78596,69,കതരാഗമ_ക്ഷേത്രം
629178,4138506,20241123070311,Meenakshi nandhini,4142154,20241204064938,Meenakshi nandhini,26740,21,കതരഗാമ
629195,4138604,20241123135242,Malikaveedu,4572363,20251018005048,InternetArchiveBot,20986,27,ഫെച്ചാബുരി_പ്രവിശ്യ
629206,4138743,20241124024251,Anupa.anchor,4568514,20250930134812,-wuppertaler,6178,7,മഖാച്കാല
629210,4138761,20241124033537,Malikaveedu,4571142,20251011102144,InternetArchiveBot,26497,31,ഉബോൺ_രാച്ചതാനി_പ്രവിശ്യ
629220,4138854,20241124102749,Meenakshi nandhini,4571737,20251014062010,InternetArchiveBot,13370,5,"നല്ലൂർ,_ജാഫ്ന"
629240,4138937,20241124180729,Meenakshi nandhini,4529830,20250531035457,InternetArchiveBot,17175,7,പീറ്റർ_പെർസിവൽ
629286,4139200,20241125144008,Meenakshi nandhini,4347215,20250110041731,Malikaveedu,87719,56,പ്രീ_വിഹേർ_ക്ഷേത്രം
629293,4139232,20241125165243,Vijayanrajapuram,4139341,20241126045108,Vijayanrajapuram,7628,6,ട്രിങ്കോമാലി_തുറമുഖം
629320,4139403,20241126085651,Meenakshi nandhini,4139407,20241126090833,Meenakshi nandhini,18494,4,പ്രസാത്_താ_മുഎൻ_തോം
629332,4139527,20241126133038,Ranjithsiji,4504279,20250324213022,Adarshjchandran,39580,17,മാ_ഡോങ്-സിയോക്
629344,4139619,20241126163845,Ranjithsiji,4143623,20241207140036,Ranjithsiji,15185,14,ബാഡ്‌ലാൻഡ്_ഹണ്ടേഴ്സ്
629346,4139662,20241126174056,Meenakshi nandhini,4141494,20241202102623,InternetArchiveBot,8001,3,ഫിമൈ_ഹിസ്റ്റോറിക്കൽ_പാർക്ക്
629423,4140077,20241128105729,Meenakshi nandhini,4144900,20241212054930,Malikaveedu,22276,9,സന്നി_യാകുമ
629426,4140087,20241128110934,Vijayanrajapuram,4561593,20250906222806,தமிழ்க்குரிசில்,5988,5,അരിപ്പു_കോട്ട
629433,4140100,20241128114716,Vijayanrajapuram,4561588,20250906220235,தமிழ்க்குரிசில்,6419,8,"മന്നാർ,_ശ്രീലങ്ക"
629435,4140102,20241128114805,Meenakshi nandhini,4520836,20250429035312,InternetArchiveBot,25595,15,ഥേരവാദ_പുതുവർഷം
629439,4140129,20241128123147,Meenakshi nandhini,4145651,20241215001314,InternetArchiveBot,21483,12,നാഗ_ജനത_(ലങ്ക)
629447,4140167,20241128142729,Meenakshi nandhini,4287950,20241227114312,Malikaveedu,18855,7,ഉപുൽവൻ
629455,4140231,20241128161205,Vijayanrajapuram,4399449,20250115073255,InternetArchiveBot,5275,5,ബട്ടിക്കലോവ_കോട്ട
629512,4140710,20241130065238,Ranjithsiji,4140716,20241130065533,Ranjithsiji,17653,3,ബെന്റോട്ട
629517,4140735,20241130074656,Vijayanrajapuram,4140865,20241130184652,Malikaveedu,3446,4,എലിഫന്റ്_പാസ്_ഫോർട്ട്
629547,4140877,20241130190716,Akbarali,4546530,20250708062456,GnoeeeBot,33473,20,കേലാകെക്കുവ_ഉൾക്കടൽ
